10003	FAIL	(Vulnerable JS Library)
10010	FAIL	(Cookie No HttpOnly Flag)
10011	FAIL	(Cookie Without Secure Flag)
10017	FAIL	(Cross-Domain JavaScript Source File Inclusion)
10020	FAIL	(Missing Anti-clickjacking Header)
10021	FAIL	(X-Content-Type-Options Header Missing)
10023	FAIL	(Information Disclosure - Debug Error Messages)
10035	FAIL	(Strict-Transport-Security Header Not Set)
10037	FAIL	(Server Leaks Information via "X-Powered-By" HTTP Response Header Field(s))
10038	FAIL	(Content Security Policy (CSP) Header Not Set)
10040	FAIL	(Secure Pages Include Mixed Content)
10054	FAIL	(Cookie without SameSite Attribute)
10056	FAIL	(X-Debug-Token Information Leak)
10061	FAIL	(X-AspNet-Version Response Header)
10062	FAIL	(PII Disclosure)
10098	FAIL	(Cross-Domain Misconfiguration)
10105	FAIL	(Weak Authentication Method)
2	FAIL	(Private IP Disclosure)
3	FAIL	(Session ID in URL Rewrite)
90022	FAIL	(Application Error Disclosure)
10024	WARN	(Information Disclosure - Sensitive Information in URL)
10031	WARN	(User Controllable HTML Element Attribute (Potential XSS))
10036	WARN	(Server Leaks Version Information via "Server" HTTP Response Header Field)
10044	WARN	(Big Redirect Detected (Potential Sensitive Information Leak))
10055	WARN	(CSP: Wildcard Directive / unsafe-inline / missing fallback)
10057	WARN	(Username Hash Found)
10063	WARN	(Permissions Policy Header Not Set)
10110	WARN	(Dangerous JS Functions)
10202	WARN	(Absence of Anti-CSRF Tokens)
90011	WARN	(Charset Mismatch)
90033	WARN	(Loosely Scoped Cookie)
10015	IGNORE	(Re-examine Cache-control Directives)
10027	IGNORE	(Information Disclosure - Suspicious Comments)
10049	IGNORE	(Storable and Cacheable Content)
10050	IGNORE	(Retrieved from Cache)
10096	IGNORE	(Timestamp Disclosure - Unix)
10109	IGNORE	(Modern Web Application)
10112	IGNORE	(Session Management Response Identified)
